ID_Servico;Polo;Latitude;Longitude;Valor_Divida;Tipo_Servico;Municipio;Tipo_Equipe_Requerida;Mix_Solic;Equipe;Serviço;Mix_solic;Tempo_Execucao_Min
33957081.0;NITERÓI;-22.9031;-43.13;5820.6;RECORTE;NITEROI;LEVE;POSTE;LEVE;RECORTE;POSTE;28.0
34310110.0;NITERÓI;-22.9206;-42.8192;557.76;CORTE;MARICA;LEVE;MEDIDOR;LEVE;CORTE;MEDIDOR;12.0
34310153.0;NITERÓI;-22.9706;-42.9044;583.64;CORTE;MARICA;LEVE;MEDIDOR;LEVE;CORTE;MEDIDOR;12.0
34252838.0;NITERÓI;-22.9514;-42.9883;352.45;RECORTE;MARICA;LEVE;MEDIDOR;LEVE;RECORTE;MEDIDOR;12.0
34168407.0;NITERÓI;-22.9536;-42.9922;436.17;RECORTE;MARICA;LEVE;MEDIDOR;LEVE;RECORTE;MEDIDOR;12.0
34168287.0;NITERÓI;-22.9064;-42.7939;3225.14;RECORTE;MARICA;LEVE;MEDIDOR;LEVE;RECORTE;MEDIDOR;12.0
34303303.0;NITERÓI;-22.8778;-43.0889;1264.06;RECORTE;NITEROI;LEVE;POSTE;LEVE;RECORTE;POSTE;28.0
34143933.0;NITERÓI;-22.9067;-42.8042;96.96;CORTE;MARICA;LEVE;MEDIDOR;LEVE;CORTE;MEDIDOR;12.0
34253070.0;NITERÓI;-22.9022;-42.7953;815.55;RECORTE;MARICA;LEVE;MEDIDOR;LEVE;RECORTE;MEDIDOR;12.0
34253110.0;NITERÓI;-22.93;-42.7978;676.89;RECORTE;MARICA;LEVE;MEDIDOR;LEVE;RECORTE;MEDIDOR;12.0
34233027.0;NITERÓI;-22.9236;-42.8186;489.85;CORTE;MARICA;LEVE;MEDIDOR;LEVE;CORTE;MEDIDOR;12.0
34252841.0;NITERÓI;-22.9536;-42.9731;141.95;RECORTE;MARICA;LEVE;MEDIDOR;LEVE;RECORTE;MEDIDOR;12.0
34143953.0;NITERÓI;-22.9236;-42.8186;90.62;CORTE;MARICA;LEVE;MEDIDOR;LEVE;CORTE;MEDIDOR;12.0
34055223.0;NITERÓI;-22.9297;-43.1183;495.2;RECORTE;NITEROI;LEVE;POSTE;LEVE;RECORTE;POSTE;28.0
33959182.0;NITERÓI;-22.9189;-42.9814;5495.22;RECORTE;NITEROI;LEVE;POSTE;LEVE;RECORTE;POSTE;28.0
34252861.0;NITERÓI;-22.945;-42.6864;413.54;RECORTE;MARICA;LEVE;MEDIDOR;LEVE;RECORTE;MEDIDOR;12.0
33996288.0;NITERÓI;-22.9008;-43.1325;661.6;CORTE;NITEROI;LEVE;MEDIDOR;LEVE;CORTE;MEDIDOR;12.0
33996199.0;NITERÓI;-22.8853;-43.1086;1808.99;CORTE;NITEROI;LEVE;MEDIDOR;LEVE;CORTE;MEDIDOR;12.0
34253771.0;NITERÓI;-22.9383;-42.6567;1634.41;RECORTE;MARICA;LEVE;MEDIDOR;LEVE;RECORTE;MEDIDOR;12.0
34253757.0;NITERÓI;-22.9561;-42.9922;1096.78;RECORTE;MARICA;LEVE;MEDIDOR;LEVE;RECORTE;MEDIDOR;12.0
34204686.0;NITERÓI;-22.8867;-42.8344;367.5;CORTE;MARICA;LEVE;MEDIDOR;LEVE;CORTE;MEDIDOR;12.0
34203017.0;NITERÓI;-22.9106;-42.8144;4899.4;CORTE;MARICA;LEVE;MEDIDOR;LEVE;CORTE;MEDIDOR;12.0
34242161.0;NITERÓI;-22.9233;-42.8186;71.57;CORTE;MARICA;LEVE;MEDIDOR;LEVE;CORTE;MEDIDOR;12.0
34147723.0;NITERÓI;-22.9233;-42.8186;2496.07;RECORTE;MARICA;LEVE;POSTE;LEVE;RECORTE;POSTE;28.0
34242144.0;NITERÓI;-22.9147;-42.8467;142.34;CORTE;MARICA;LEVE;MEDIDOR;LEVE;CORTE;MEDIDOR;12.0
34147434.0;NITERÓI;-22.9236;-42.8186;685.02;RECORTE;MARICA;LEVE;POSTE;LEVE;RECORTE;POSTE;28.0
29038469.0;NITERÓI;-22.8636;-43.1022;2465.82;CORTE;NITEROI;LEVE;MEDIDOR;LEVE;CORTE;MEDIDOR;12.0
26662101.0;NITERÓI;-22.955;-42.9825;3439.27;RECORTE;MARICA;LEVE;MEDIDOR;LEVE;RECORTE;MEDIDOR;12.0
34147477.0;NITERÓI;-22.9236;-42.8186;4144.74;RECORTE;MARICA;LEVE;POSTE;LEVE;RECORTE;POSTE;28.0
34206183.0;NITERÓI;-22.8889;-42.8311;385.94;CORTE;MARICA;LEVE;MEDIDOR;LEVE;CORTE;MEDIDOR;12.0
34178646.0;NITERÓI;-22.87;-43.1147;3120.44;RECORTE;NITEROI;LEVE;POSTE;LEVE;RECORTE;POSTE;28.0
34314455.0;NITERÓI;-22.8961;-42.7883;533.47;CORTE;MARICA;LEVE;MEDIDOR;LEVE;CORTE;MEDIDOR;12.0
34255291.0;NITERÓI;-22.9033;-42.9228;2109.66;RECORTE;MARICA;LEVE;POSTE;LEVE;RECORTE;POSTE;28.0
33936560.0;NITERÓI;-22.9747;-43.0294;1171.52;CORTE;NITEROI;LEVE;MEDIDOR;LEVE;CORTE;MEDIDOR;12.0
34207763.0;NITERÓI;-22.9;-42.7958;303.6;CORTE;MARICA;LEVE;MEDIDOR;LEVE;CORTE;MEDIDOR;12.0
34292340.0;NITERÓI;-22.9239;-42.8208;1624.23;CORTE;MARICA;LEVE;POSTE;LEVE;CORTE;POSTE;28.0
34293270.0;NITERÓI;-22.9167;-42.8192;397.71;CORTE;MARICA;LEVE;MEDIDOR;LEVE;CORTE;MEDIDOR;12.0
34293545.0;NITERÓI;-22.8786;-43.1219;94.38;CORTE;NITEROI;LEVE;MEDIDOR;LEVE;CORTE;MEDIDOR;12.0
34069083.0;NITERÓI;-22.875;-43.0794;575.05;RECORTE;NITEROI;LEVE;MEDIDOR;LEVE;RECORTE;MEDIDOR;12.0
34136399.0;NITERÓI;-22.9472;-42.9356;351.75;CORTE;MARICA;LEVE;MEDIDOR;LEVE;CORTE;MEDIDOR;12.0
33299421.0;NITERÓI;-22.9003;-43.1169;178.54;CORTE;NITEROI;LEVE;MEDIDOR;LEVE;CORTE;MEDIDOR;12.0
34231049.0;NITERÓI;-22.9267;-42.8578;359.23;CORTE;MARICA;LEVE;MEDIDOR;LEVE;CORTE;MEDIDOR;12.0
34247594.0;NITERÓI;-22.935;-42.8036;377.76;CORTE;MARICA;LEVE;MEDIDOR;LEVE;CORTE;MEDIDOR;12.0
33838206.0;NITERÓI;-22.9036;-43.1219;738.73;RECORTE;NITEROI;LEVE;MEDIDOR;LEVE;RECORTE;MEDIDOR;12.0
34308298.0;NITERÓI;-22.9156;-42.82;1472.4;CORTE;MARICA;LEVE;MEDIDOR;LEVE;CORTE;MEDIDOR;12.0
34322257.0;NITERÓI;-22.915;-42.8164;0.0;CORTE;MARICA;LEVE;RAMAL;LEVE;CORTE;RAMAL;40.0
34272417.0;NITERÓI;-22.8803;-43.1039;619.46;RECORTE;NITEROI;LEVE;MEDIDOR;LEVE;RECORTE;MEDIDOR;12.0
34249360.0;NITERÓI;-22.9172;-42.8203;849.56;CORTE;MARICA;LEVE;MEDIDOR;LEVE;CORTE;MEDIDOR;12.0
34273190.0;NITERÓI;-22.8803;-43.1244;1595.53;RECORTE;NITEROI;LEVE;POSTE;LEVE;RECORTE;POSTE;28.0
34303120.0;NITERÓI;-22.9017;-43.1267;2538.09;RECORTE;NITEROI;LEVE;MEDIDOR;LEVE;RECORTE;MEDIDOR;12.0
34303220.0;NITERÓI;-22.9403;-43.0422;1065.16;RECORTE;NITEROI;LEVE;POSTE;LEVE;RECORTE;POSTE;28.0
34302888.0;NITERÓI;-22.9619;-43.0308;6402.47;RECORTE;NITEROI;LEVE;POSTE;LEVE;RECORTE;POSTE;28.0
33529173.0;NITERÓI;-22.9028;-43.1272;0.0;RECORTE;NITEROI;LEVE;POSTE;LEVE;RECORTE;POSTE;28.0
33299278.0;NITERÓI;-22.9019;-43.1289;118.23;CORTE;NITEROI;LEVE;MEDIDOR;LEVE;CORTE;MEDIDOR;12.0
34308753.0;NITERÓI;-22.8772;-43.1075;518.03;CORTE;NITEROI;LEVE;POSTE;LEVE;CORTE;POSTE;28.0
34125310.0;NITERÓI;-22.9619;-43.0147;792.42;CORTE;MARICA;LEVE;POSTE;LEVE;CORTE;POSTE;28.0
34272131.0;NITERÓI;-22.9333;-42.7939;251.02;CORTE;MARICA;LEVE;MEDIDOR;LEVE;CORTE;MEDIDOR;12.0
34216147.0;NITERÓI;-22.9239;-42.8214;454.65;CORTE;MARICA;LEVE;MEDIDOR;LEVE;CORTE;MEDIDOR;12.0
34303217.0;NITERÓI;-22.9464;-43.0372;9484.61;RECORTE;NITEROI;LEVE;POSTE;LEVE;RECORTE;POSTE;28.0
34168251.0;NITERÓI;-22.8572;-42.7722;353.61;RECORTE;MARICA;LEVE;MEDIDOR;LEVE;RECORTE;MEDIDOR;12.0
34273452.0;NITERÓI;-22.8836;-43.1114;9014.28;RECORTE;NITEROI;LEVE;POSTE;LEVE;RECORTE;POSTE;28.0
34273077.0;NITERÓI;-22.8892;-42.8578;636.76;CORTE;MARICA;LEVE;POSTE;LEVE;CORTE;POSTE;28.0
34254365.0;NITERÓI;-22.9417;-42.9803;3277.46;RECORTE;MARICA;LEVE;POSTE;LEVE;RECORTE;POSTE;28.0
34247684.0;NITERÓI;-22.8764;-42.8047;845.06;CORTE;MARICA;LEVE;MEDIDOR;LEVE;CORTE;MEDIDOR;12.0
34269041.0;NITERÓI;-22.9186;-42.8142;658.15;CORTE;MARICA;LEVE;MEDIDOR;LEVE;CORTE;MEDIDOR;12.0
34168380.0;NITERÓI;-22.9069;-42.795;561.2;RECORTE;MARICA;LEVE;POSTE;LEVE;RECORTE;POSTE;28.0
34211915.0;NITERÓI;-22.9225;-42.8194;431.06;CORTE;MARICA;LEVE;MEDIDOR;LEVE;CORTE;MEDIDOR;12.0
34302523.0;NITERÓI;-22.9003;-43.1225;863.78;RECORTE;NITEROI;LEVE;MEDIDOR;LEVE;RECORTE;MEDIDOR;12.0
34297757.0;NITERÓI;-22.9153;-42.8228;1009.31;RECORTE;MARICA;LEVE;MEDIDOR;LEVE;RECORTE;MEDIDOR;12.0
33917108.0;NITERÓI;-22.8697;-43.0056;546.03;CORTE;NITEROI;LEVE;MEDIDOR;LEVE;CORTE;MEDIDOR;12.0
34253303.0;NITERÓI;-22.8794;-42.7997;110.7;RECORTE;MARICA;LEVE;MEDIDOR;LEVE;RECORTE;MEDIDOR;12.0
34253973.0;NITERÓI;-22.9536;-42.9947;378.22;RECORTE;MARICA;LEVE;MEDIDOR;LEVE;RECORTE;MEDIDOR;12.0
34292725.0;NITERÓI;-22.8794;-43.1042;787.08;RECORTE;NITEROI;LEVE;MEDIDOR;LEVE;RECORTE;MEDIDOR;12.0
34293721.0;NITERÓI;-22.9244;-42.8256;615.33;CORTE;MARICA;LEVE;MEDIDOR;LEVE;CORTE;MEDIDOR;12.0
34254368.0;NITERÓI;-22.9033;-42.9236;1758.7;RECORTE;MARICA;LEVE;POSTE;LEVE;RECORTE;POSTE;28.0
34154623.0;NITERÓI;-22.9219;-42.8194;2962.93;CORTE;MARICA;LEVE;MEDIDOR;LEVE;CORTE;MEDIDOR;12.0
34303230.0;NITERÓI;-22.9039;-42.9228;839.08;RECORTE;MARICA;LEVE;POSTE;LEVE;RECORTE;POSTE;28.0
26742609.0;NITERÓI;-22.9456;-42.9544;592.84;RECORTE;MARICA;LEVE;MEDIDOR;LEVE;RECORTE;MEDIDOR;12.0
34252808.0;NITERÓI;-22.9522;-42.9828;1132.78;RECORTE;MARICA;LEVE;MEDIDOR;LEVE;RECORTE;MEDIDOR;12.0
33956902.0;NITERÓI;-22.8736;-43.1081;2049.26;RECORTE;NITEROI;LEVE;POSTE;LEVE;RECORTE;POSTE;28.0
34255072.0;NITERÓI;-22.9033;-42.9231;3558.32;RECORTE;MARICA;LEVE;POSTE;LEVE;RECORTE;POSTE;28.0
34302208.0;NITERÓI;-22.9122;-42.8208;459.58;RECORTE;MARICA;LEVE;MEDIDOR;LEVE;RECORTE;MEDIDOR;12.0
34314325.0;NITERÓI;-22.8711;-42.7367;6605.27;CORTE;MARICA;LEVE;MEDIDOR;LEVE;CORTE;MEDIDOR;12.0
34302898.0;NITERÓI;-22.9336;-42.8061;612.82;RECORTE;MARICA;LEVE;POSTE;LEVE;RECORTE;POSTE;28.0
33298097.0;NITERÓI;-22.8808;-43.1242;88.85;CORTE;NITEROI;LEVE;MEDIDOR;LEVE;CORTE;MEDIDOR;12.0
34303273.0;NITERÓI;-22.8983;-43.1239;857.87;RECORTE;NITEROI;LEVE;POSTE;LEVE;RECORTE;POSTE;28.0
34249064.0;NITERÓI;-22.9167;-42.8192;1373.21;CORTE;MARICA;LEVE;MEDIDOR;LEVE;CORTE;MEDIDOR;12.0
34013816.0;NITERÓI;-22.88368897;-42.82683975;2379.72;CORTE;MARICA;LEVE;POSTE;LEVE;CORTE;POSTE;28.0
34126276.0;NITERÓI;-22.9044;-43.125;2634.04;CORTE;NITEROI;LEVE;MEDIDOR;LEVE;CORTE;MEDIDOR;12.0
33956925.0;NITERÓI;-22.8689;-43.1153;1508.06;RECORTE;NITEROI;LEVE;POSTE;LEVE;RECORTE;POSTE;28.0
33574882.0;NITERÓI;-22.9075;-43.1283;2066.34;CORTE;NITEROI;LEVE;MEDIDOR;LEVE;CORTE;MEDIDOR;12.0
34303316.0;NITERÓI;-22.8867;-43.1094;611.92;RECORTE;NITEROI;LEVE;POSTE;LEVE;RECORTE;POSTE;28.0
34053942.0;NITERÓI;-22.9408;-43.0431;32878.09;RECORTE;NITEROI;LEVE;POSTE;LEVE;RECORTE;POSTE;28.0
34308723.0;NITERÓI;-22.9364;-42.7972;2378.76;CORTE;MARICA;LEVE;MEDIDOR;LEVE;CORTE;MEDIDOR;12.0
33958877.0;NITERÓI;-22.8847;-43.1133;14591.42;RECORTE;NITEROI;LEVE;POSTE;LEVE;RECORTE;POSTE;28.0
34253054.0;NITERÓI;-22.9297;-42.8711;9952.1;RECORTE;MARICA;LEVE;MEDIDOR;LEVE;RECORTE;MEDIDOR;12.0
34051280.0;NITERÓI;-22.9272;-43.1203;1430.42;RECORTE;NITEROI;LEVE;POSTE;LEVE;RECORTE;POSTE;28.0
34303562.0;NITERÓI;-22.9406;-43.0389;627.47;RECORTE;NITEROI;LEVE;MEDIDOR;LEVE;RECORTE;MEDIDOR;12.0
34302606.0;NITERÓI;-22.8819;-43.1219;716.05;RECORTE;NITEROI;LEVE;MEDIDOR;LEVE;RECORTE;MEDIDOR;12.0
34202552.0;NITERÓI;-22.9358;-42.7733;145.58;CORTE;MARICA;LEVE;MEDIDOR;LEVE;CORTE;MEDIDOR;12.0
34293094.0;NITERÓI;-22.8836;-43.1119;607.4;RECORTE;NITEROI;LEVE;MEDIDOR;LEVE;RECORTE;MEDIDOR;12.0
34051426.0;NITERÓI;-22.9278;-43.1211;541.2;RECORTE;NITEROI;LEVE;POSTE;LEVE;RECORTE;POSTE;28.0
34201607.0;NITERÓI;-22.9236;-42.8186;765.18;CORTE;MARICA;LEVE;MEDIDOR;LEVE;CORTE;MEDIDOR;12.0
34205423.0;NITERÓI;-22.9233;-42.8186;211.59;CORTE;MARICA;LEVE;MEDIDOR;LEVE;CORTE;MEDIDOR;12.0
34214165.0;NITERÓI;-22.9236;-42.8186;450.55;CORTE;MARICA;LEVE;MEDIDOR;LEVE;CORTE;MEDIDOR;12.0
34304183.0;NITERÓI;-22.8817;-43.1225;1372.86;RECORTE;NITEROI;LEVE;MEDIDOR;LEVE;RECORTE;MEDIDOR;12.0
34269164.0;NITERÓI;-22.8992;-42.7939;1058.2;RECORTE;MARICA;LEVE;MEDIDOR;LEVE;RECORTE;MEDIDOR;12.0
34252848.0;NITERÓI;-22.9344;-42.8003;998.37;RECORTE;MARICA;LEVE;MEDIDOR;LEVE;RECORTE;MEDIDOR;12.0
34308760.0;NITERÓI;-22.9267;-42.7997;700.1;CORTE;MARICA;LEVE;MEDIDOR;LEVE;CORTE;MEDIDOR;12.0
33993518.0;NITERÓI;-22.9011;-43.1336;529.43;CORTE;NITEROI;LEVE;MEDIDOR;LEVE;CORTE;MEDIDOR;12.0
34247635.0;NITERÓI;-22.9183;-42.8081;456.67;CORTE;MARICA;LEVE;MEDIDOR;LEVE;CORTE;MEDIDOR;12.0
34273466.0;NITERÓI;-22.9044;-42.9228;375.7;RECORTE;MARICA;LEVE;MEDIDOR;LEVE;RECORTE;MEDIDOR;12.0
34249367.0;NITERÓI;-22.9142;-42.8194;439.17;CORTE;MARICA;LEVE;MEDIDOR;LEVE;CORTE;MEDIDOR;12.0
34253128.0;NITERÓI;-22.9236;-42.8186;1811.03;RECORTE;MARICA;LEVE;MEDIDOR;LEVE;RECORTE;MEDIDOR;12.0
34253758.0;NITERÓI;-22.92269;-42.8194898;496.34;RECORTE;MARICA;LEVE;MEDIDOR;LEVE;RECORTE;MEDIDOR;12.0
34254336.0;NITERÓI;-22.8631;-42.7717;4031.78;RECORTE;MARICA;LEVE;POSTE;LEVE;RECORTE;POSTE;28.0
34254190.0;NITERÓI;-22.9644;-42.9075;1478.5;RECORTE;MARICA;LEVE;MEDIDOR;LEVE;RECORTE;MEDIDOR;12.0
34308651.0;NITERÓI;-22.9233;-42.8172;536.0;CORTE;MARICA;LEVE;MEDIDOR;LEVE;CORTE;MEDIDOR;12.0
34297668.0;NITERÓI;-22.8911;-42.9233;130.1;RECORTE;MARICA;LEVE;MEDIDOR;LEVE;RECORTE;MEDIDOR;12.0
34253277.0;NITERÓI;-22.9236;-42.8186;1889.53;RECORTE;MARICA;LEVE;MEDIDOR;LEVE;RECORTE;MEDIDOR;12.0
33956750.0;NITERÓI;-22.9;-43.1244;2816.92;RECORTE;NITEROI;LEVE;MEDIDOR;LEVE;RECORTE;MEDIDOR;12.0
34078370.0;NITERÓI;-22.9044;-42.8281;564.28;CORTE;MARICA;LEVE;MEDIDOR;LEVE;CORTE;MEDIDOR;12.0
34273778.0;NITERÓI;-22.9397;-42.8286;593.72;CORTE;MARICA;LEVE;MEDIDOR;LEVE;CORTE;MEDIDOR;12.0
34253091.0;NITERÓI;-22.9047;-42.9167;1856.2;RECORTE;MARICA;LEVE;MEDIDOR;LEVE;RECORTE;MEDIDOR;12.0
34069705.0;NITERÓI;-22.9278;-43.1211;1883.06;RECORTE;NITEROI;LEVE;POSTE;LEVE;RECORTE;POSTE;28.0
34246802.0;NITERÓI;-22.9203;-42.8214;858.83;CORTE;MARICA;LEVE;MEDIDOR;LEVE;CORTE;MEDIDOR;12.0
34254840.0;NITERÓI;-22.9033;-42.9236;1325.33;RECORTE;MARICA;LEVE;POSTE;LEVE;RECORTE;POSTE;28.0
34303267.0;NITERÓI;-22.8825;-43.1244;5765.83;RECORTE;NITEROI;LEVE;POSTE;LEVE;RECORTE;POSTE;28.0
33957494.0;NITERÓI;-22.8797;-43.1225;5100.07;RECORTE;NITEROI;LEVE;POSTE;LEVE;RECORTE;POSTE;28.0
34253131.0;NITERÓI;-22.9464;-42.9756;391.72;RECORTE;MARICA;LEVE;MEDIDOR;LEVE;RECORTE;MEDIDOR;12.0
33698734.0;NITERÓI;-22.8875;-43.1131;356.51;CORTE;NITEROI;LEVE;MEDIDOR;LEVE;CORTE;MEDIDOR;12.0
34309719.0;NITERÓI;-22.9361;-42.8975;504.88;CORTE;MARICA;LEVE;MEDIDOR;LEVE;CORTE;MEDIDOR;12.0
26744183.0;NITERÓI;-22.9567;-42.9569;6962.73;RECORTE;MARICA;LEVE;POSTE;LEVE;RECORTE;POSTE;28.0
34310463.0;NITERÓI;-22.9128;-42.8439;1284.18;CORTE;MARICA;LEVE;MEDIDOR;LEVE;CORTE;MEDIDOR;12.0
34255318.0;NITERÓI;-22.9519;-42.9733;2327.08;RECORTE;MARICA;LEVE;POSTE;LEVE;RECORTE;POSTE;28.0
34302889.0;NITERÓI;-22.9011;-43.1231;3876.78;RECORTE;NITEROI;LEVE;POSTE;LEVE;RECORTE;POSTE;28.0
33956667.0;NITERÓI;-22.9536;-42.9778;4362.29;RECORTE;MARICA;LEVE;MEDIDOR;LEVE;RECORTE;MEDIDOR;12.0
34254548.0;NITERÓI;-22.9033;-42.9236;1742.67;RECORTE;MARICA;LEVE;POSTE;LEVE;RECORTE;POSTE;28.0
34255547.0;NITERÓI;-22.9033;-42.9228;2870.67;RECORTE;MARICA;LEVE;POSTE;LEVE;RECORTE;POSTE;28.0
34023920.0;NITERÓI;-22.8803;-42.8872;108.76;CORTE;MARICA;LEVE;MEDIDOR;LEVE;CORTE;MEDIDOR;12.0
33824204.0;NITERÓI;-22.9031;-43.1214;1238.29;RECORTE;NITEROI;LEVE;MEDIDOR;LEVE;RECORTE;MEDIDOR;12.0
33957042.0;NITERÓI;-22.87;-43.115;2020.94;RECORTE;NITEROI;LEVE;POSTE;LEVE;RECORTE;POSTE;28.0
34292258.0;NITERÓI;-22.9361;-42.7922;603.41;CORTE;MARICA;LEVE;MEDIDOR;LEVE;CORTE;MEDIDOR;12.0
34254820.0;NITERÓI;-22.9031;-42.9228;822.91;RECORTE;MARICA;LEVE;POSTE;LEVE;RECORTE;POSTE;28.0
34303118.0;NITERÓI;-22.9011;-43.1314;319.54;RECORTE;NITEROI;LEVE;MEDIDOR;LEVE;RECORTE;MEDIDOR;12.0
34304160.0;NITERÓI;-22.8731;-43.1083;1619.45;RECORTE;NITEROI;LEVE;MEDIDOR;LEVE;RECORTE;MEDIDOR;12.0
34303241.0;NITERÓI;-22.9039;-42.9228;3193.18;RECORTE;MARICA;LEVE;POSTE;LEVE;RECORTE;POSTE;28.0
34146287.0;NITERÓI;-22.8686;-43.0058;388.73;CORTE;MARICA;LEVE;MEDIDOR;LEVE;CORTE;MEDIDOR;12.0
34253114.0;NITERÓI;-22.9486;-42.9761;1288.63;RECORTE;MARICA;LEVE;MEDIDOR;LEVE;RECORTE;MEDIDOR;12.0
34082918.0;NITERÓI;-22.9522;-42.9881;5869.51;RECORTE;MARICA;LEVE;POSTE;LEVE;RECORTE;POSTE;28.0
34216071.0;NITERÓI;-22.9172;-42.8564;386.85;CORTE;MARICA;LEVE;MEDIDOR;LEVE;CORTE;MEDIDOR;12.0
33824347.0;NITERÓI;-22.8781;-43.1256;306.34;CORTE;NITEROI;LEVE;MEDIDOR;LEVE;CORTE;MEDIDOR;12.0
34233781.0;NITERÓI;-22.9011;-42.7958;421.76;CORTE;MARICA;LEVE;MEDIDOR;LEVE;CORTE;MEDIDOR;12.0
34147652.0;NITERÓI;-22.9519;-42.9733;3797.56;RECORTE;MARICA;LEVE;POSTE;LEVE;RECORTE;POSTE;28.0
34310489.0;NITERÓI;-22.9103;-42.8208;311.95;CORTE;MARICA;LEVE;MEDIDOR;LEVE;CORTE;MEDIDOR;12.0
34293778.0;NITERÓI;-22.9172;-42.8194;797.5;CORTE;MARICA;LEVE;MEDIDOR;LEVE;CORTE;MEDIDOR;12.0
34303261.0;NITERÓI;-22.9092;-42.9814;3919.48;RECORTE;NITEROI;LEVE;POSTE;LEVE;RECORTE;POSTE;28.0
34143957.0;NITERÓI;-22.9686;-42.9881;96.42;CORTE;MARICA;LEVE;MEDIDOR;LEVE;CORTE;MEDIDOR;12.0
34253274.0;NITERÓI;-22.8931;-42.9225;688.08;RECORTE;MARICA;LEVE;MEDIDOR;LEVE;RECORTE;MEDIDOR;12.0
34254370.0;NITERÓI;-22.9031;-42.9228;3417.54;RECORTE;MARICA;LEVE;POSTE;LEVE;RECORTE;POSTE;28.0
34069061.0;NITERÓI;-22.8989;-43.1111;2489.36;RECORTE;NITEROI;LEVE;MEDIDOR;LEVE;RECORTE;MEDIDOR;12.0
34274196.0;NITERÓI;-22.8736;-43.1069;1590.9;RECORTE;NITEROI;LEVE;POSTE;LEVE;RECORTE;POSTE;28.0
29367752.0;NITERÓI;-22.9233;-42.8192;749.57;CORTE;MARICA;LEVE;MEDIDOR;LEVE;CORTE;MEDIDOR;12.0
34252819.0;NITERÓI;-22.9578;-42.9806;541.74;RECORTE;MARICA;LEVE;MEDIDOR;LEVE;RECORTE;MEDIDOR;12.0
34168474.0;NITERÓI;-22.9389;-42.9236;1613.35;RECORTE;MARICA;LEVE;MEDIDOR;LEVE;RECORTE;MEDIDOR;12.0
34208159.0;NITERÓI;-22.9186;-42.8456;680.41;CORTE;MARICA;LEVE;MEDIDOR;LEVE;CORTE;MEDIDOR;12.0
34158364.0;NITERÓI;-22.8617;-42.7814;1615.47;RECORTE;MARICA;LEVE;POSTE;LEVE;RECORTE;POSTE;28.0
34051998.0;NITERÓI;-22.93;-43.1194;1451.78;RECORTE;NITEROI;LEVE;MEDIDOR;LEVE;RECORTE;MEDIDOR;12.0
34069104.0;NITERÓI;-22.8822;-43.1114;1783.68;RECORTE;NITEROI;LEVE;MEDIDOR;LEVE;RECORTE;MEDIDOR;12.0
34303593.0;NITERÓI;-22.8742;-43.1069;2463.5;RECORTE;NITEROI;LEVE;MEDIDOR;LEVE;RECORTE;MEDIDOR;12.0
34099191.0;NITERÓI;-22.8797;-43.1056;525.46;CORTE;NITEROI;LEVE;MEDIDOR;LEVE;CORTE;MEDIDOR;12.0
29310672.0;NITERÓI;-22.9308;-42.8711;667.22;CORTE;MARICA;LEVE;MEDIDOR;LEVE;CORTE;MEDIDOR;12.0
34123081.0;NITERÓI;-22.8892;-43.1158;152.47;CORTE;NITEROI;LEVE;MEDIDOR;LEVE;CORTE;MEDIDOR;12.0
34242136.0;NITERÓI;-22.9517;-42.9872;137.64;CORTE;MARICA;LEVE;MEDIDOR;LEVE;CORTE;MEDIDOR;12.0
34293537.0;NITERÓI;-22.9083;-42.8047;809.22;CORTE;MARICA;LEVE;MEDIDOR;LEVE;CORTE;MEDIDOR;12.0
27310745.0;NITERÓI;-22.8736;-43.1069;155.9;CORTE;NITEROI;LEVE;MEDIDOR;LEVE;CORTE;MEDIDOR;12.0
34296242.0;NITERÓI;-22.9403;-42.8289;518.6;RECORTE;MARICA;LEVE;MEDIDOR;LEVE;RECORTE;MEDIDOR;12.0
34302886.0;NITERÓI;-22.9589;-43.0303;1361.32;RECORTE;NITEROI;LEVE;POSTE;LEVE;RECORTE;POSTE;28.0
34253288.0;NITERÓI;-22.9031;-42.9228;813.92;RECORTE;MARICA;LEVE;MEDIDOR;LEVE;RECORTE;MEDIDOR;12.0
34255395.0;NITERÓI;-22.9039;-42.9233;1389.03;RECORTE;MARICA;LEVE;POSTE;LEVE;RECORTE;POSTE;28.0
34303198.0;NITERÓI;-22.8894;-43.1189;1394.87;RECORTE;NITEROI;LEVE;POSTE;LEVE;RECORTE;POSTE;28.0
34308502.0;NITERÓI;-22.9478;-42.9603;625.2;CORTE;MARICA;LEVE;MEDIDOR;LEVE;CORTE;MEDIDOR;12.0
34302594.0;NITERÓI;-22.9028;-43.1231;548.57;RECORTE;NITEROI;LEVE;MEDIDOR;LEVE;RECORTE;MEDIDOR;12.0
34053904.0;NITERÓI;-22.9272;-43.12;445.57;RECORTE;NITEROI;LEVE;POSTE;LEVE;RECORTE;POSTE;28.0
34303195.0;NITERÓI;-22.9044;-42.9228;4052.89;RECORTE;MARICA;LEVE;POSTE;LEVE;RECORTE;POSTE;28.0
34302972.0;NITERÓI;-22.9006;-43.1247;935.25;RECORTE;NITEROI;LEVE;MEDIDOR;LEVE;RECORTE;MEDIDOR;12.0
34303905.0;NITERÓI;-22.9697;-43.03;1255.33;RECORTE;NITEROI;LEVE;MEDIDOR;LEVE;RECORTE;MEDIDOR;12.0
34253105.0;NITERÓI;-22.8819;-42.8058;1466.55;RECORTE;MARICA;LEVE;MEDIDOR;LEVE;RECORTE;MEDIDOR;12.0
33957388.0;NITERÓI;-22.8753;-42.8722;3496.46;RECORTE;MARICA;LEVE;MEDIDOR;LEVE;RECORTE;MEDIDOR;12.0
34315266.0;NITERÓI;-22.8633;-42.7778;1605.57;CORTE;MARICA;LEVE;MEDIDOR;LEVE;CORTE;MEDIDOR;12.0
34147632.0;NITERÓI;-22.9236;-42.8186;4434.19;RECORTE;MARICA;LEVE;POSTE;LEVE;RECORTE;POSTE;28.0
33499092.0;NITERÓI;-22.9186;-42.8514;752.84;CORTE;MARICA;LEVE;POSTE;LEVE;CORTE;POSTE;28.0
34289212.0;NITERÓI;-22.8831;-42.7961;2515.73;CORTE;MARICA;LEVE;MEDIDOR;LEVE;CORTE;MEDIDOR;12.0
34269169.0;NITERÓI;-22.9581;-42.9703;3150.59;RECORTE;MARICA;LEVE;POSTE;LEVE;RECORTE;POSTE;28.0
34206026.0;NITERÓI;-22.9167;-42.8217;826.06;CORTE;MARICA;LEVE;MEDIDOR;LEVE;CORTE;MEDIDOR;12.0
34255063.0;NITERÓI;-22.9628;-42.9844;3056.74;RECORTE;MARICA;LEVE;POSTE;LEVE;RECORTE;POSTE;28.0
34254542.0;NITERÓI;-22.9039;-42.9233;1464.07;RECORTE;MARICA;LEVE;POSTE;LEVE;RECORTE;POSTE;28.0
34052467.0;NITERÓI;-22.93;-43.1194;682.77;RECORTE;NITEROI;LEVE;MEDIDOR;LEVE;RECORTE;MEDIDOR;12.0
34310142.0;NITERÓI;-22.9444;-42.9597;1021.24;CORTE;MARICA;LEVE;MEDIDOR;LEVE;CORTE;MEDIDOR;12.0
34289338.0;NITERÓI;-22.8747;-43.0803;464.41;RECORTE;NITEROI;LEVE;MEDIDOR;LEVE;RECORTE;MEDIDOR;12.0
34289206.0;NITERÓI;-22.9133;-42.8081;670.26;CORTE;MARICA;LEVE;MEDIDOR;LEVE;CORTE;MEDIDOR;12.0
34213188.0;NITERÓI;-22.9233;-42.8186;363.86;CORTE;MARICA;LEVE;MEDIDOR;LEVE;CORTE;MEDIDOR;12.0
34050512.0;NITERÓI;-22.9275;-43.0956;14185.2;RECORTE;NITEROI;LEVE;POSTE;LEVE;RECORTE;POSTE;28.0
34304194.0;NITERÓI;-22.9333;-43.1139;460.04;RECORTE;NITEROI;LEVE;MEDIDOR;LEVE;RECORTE;MEDIDOR;12.0
34303985.0;NITERÓI;-22.8683;-43.115;1250.74;RECORTE;NITEROI;LEVE;MEDIDOR;LEVE;RECORTE;MEDIDOR;12.0
34303129.0;NITERÓI;-22.8656;-43.1019;1532.34;RECORTE;NITEROI;LEVE;MEDIDOR;LEVE;RECORTE;MEDIDOR;12.0
34156317.0;NITERÓI;-22.8869;-42.8156;592.72;RECORTE;MARICA;LEVE;MEDIDOR;LEVE;RECORTE;MEDIDOR;12.0
34297662.0;NITERÓI;-22.9236;-42.8186;544.38;RECORTE;MARICA;LEVE;MEDIDOR;LEVE;RECORTE;MEDIDOR;12.0
34215558.0;NITERÓI;-22.9258;-42.8189;447.55;CORTE;MARICA;LEVE;MEDIDOR;LEVE;CORTE;MEDIDOR;12.0
34255286.0;NITERÓI;-22.9033;-42.9236;1133.99;RECORTE;MARICA;LEVE;POSTE;LEVE;RECORTE;POSTE;28.0
34288954.0;NITERÓI;-22.9489;-42.9864;261.18;RECORTE;MARICA;LEVE;MEDIDOR;LEVE;RECORTE;MEDIDOR;12.0
26740490.0;NITERÓI;-22.9531;-42.9731;365.1;CORTE;MARICA;LEVE;MEDIDOR;LEVE;CORTE;MEDIDOR;12.0
33982683.0;NITERÓI;-22.8817;-43.1094;508.14;CORTE;NITEROI;LEVE;MEDIDOR;LEVE;CORTE;MEDIDOR;12.0
33957479.0;NITERÓI;-22.9442;-43.0314;4836.86;RECORTE;NITEROI;LEVE;POSTE;LEVE;RECORTE;POSTE;28.0
34069347.0;NITERÓI;-22.8842;-43.1122;1826.5;RECORTE;NITEROI;LEVE;MEDIDOR;LEVE;RECORTE;MEDIDOR;12.0
34302657.0;NITERÓI;-22.8953;-43.1108;284.85;RECORTE;NITEROI;LEVE;MEDIDOR;LEVE;RECORTE;MEDIDOR;12.0
34143908.0;NITERÓI;-22.915;-42.8092;94.87;CORTE;MARICA;LEVE;MEDIDOR;LEVE;CORTE;MEDIDOR;12.0
26737642.0;NITERÓI;-22.9542;-42.9567;842.71;RECORTE;MARICA;LEVE;MEDIDOR;LEVE;RECORTE;MEDIDOR;12.0
34252787.0;NITERÓI;-22.9267;-42.7944;166.07;RECORTE;MARICA;LEVE;MEDIDOR;LEVE;RECORTE;MEDIDOR;12.0
33786342.0;NITERÓI;-22.8807073;-43.1013526;407.04;CORTE;NITEROI;LEVE;MEDIDOR;LEVE;CORTE;MEDIDOR;12.0
34251130.0;NITERÓI;-22.92;-42.8219;356.08;CORTE;MARICA;LEVE;MEDIDOR;LEVE;CORTE;MEDIDOR;12.0
34254373.0;NITERÓI;-22.9033;-42.9231;1647.96;RECORTE;MARICA;LEVE;POSTE;LEVE;RECORTE;POSTE;28.0
34252867.0;NITERÓI;-22.9456;-42.9539;184.0;RECORTE;MARICA;LEVE;MEDIDOR;LEVE;RECORTE;MEDIDOR;12.0
34053970.0;NITERÓI;-22.93;-43.1194;46.51;RECORTE;NITEROI;LEVE;POSTE;LEVE;RECORTE;POSTE;28.0
34254828.0;NITERÓI;-22.9031;-42.9228;550.45;RECORTE;MARICA;LEVE;POSTE;LEVE;RECORTE;POSTE;28.0
34146367.0;NITERÓI;-22.8661;-42.7633;300.86;CORTE;MARICA;LEVE;MEDIDOR;LEVE;CORTE;MEDIDOR;12.0
34254330.0;NITERÓI;-22.9244;-42.7978;867.95;RECORTE;MARICA;LEVE;POSTE;LEVE;RECORTE;POSTE;28.0
34308227.0;NITERÓI;-22.9269;-42.7967;726.94;CORTE;MARICA;LEVE;MEDIDOR;LEVE;CORTE;MEDIDOR;12.0
34177951.0;NITERÓI;-22.9017;-43.1225;1496.01;CORTE;NITEROI;LEVE;MEDIDOR;LEVE;CORTE;MEDIDOR;12.0
34292469.0;NITERÓI;-22.9483;-42.0972;957.17;RECORTE;MARICA;LEVE;POSTE;LEVE;RECORTE;POSTE;28.0
34203023.0;NITERÓI;-22.9333;-42.8697;831.91;CORTE;MARICA;LEVE;MEDIDOR;LEVE;CORTE;MEDIDOR;12.0
34319356.0;NITERÓI;-22.9536;-42.9886;633.28;CORTE;MARICA;LEVE;MEDIDOR;LEVE;CORTE;MEDIDOR;12.0
34296328.0;NITERÓI;-22.9581;-42.9281;224.15;RECORTE;MARICA;LEVE;MEDIDOR;LEVE;RECORTE;MEDIDOR;12.0
34254175.0;NITERÓI;-22.9144;-42.8278;513.4;RECORTE;MARICA;LEVE;MEDIDOR;LEVE;RECORTE;MEDIDOR;12.0
34079202.0;NITERÓI;-22.88463787;-42.82059557;215.69;CORTE;MARICA;LEVE;MEDIDOR;LEVE;CORTE;MEDIDOR;12.0
21236369.0;NITERÓI;-22.9008;-42.8108;118.26;CORTE;MARICA;LEVE;MEDIDOR;LEVE;CORTE;MEDIDOR;12.0
34252872.0;NITERÓI;-22.9456;-42.9539;283.34;RECORTE;MARICA;LEVE;MEDIDOR;LEVE;RECORTE;MEDIDOR;12.0
33958879.0;NITERÓI;-22.8969;-43.1233;12613.29;RECORTE;NITEROI;LEVE;POSTE;LEVE;RECORTE;POSTE;28.0
34302476.0;NITERÓI;-22.95;-43.0272;1057.89;RECORTE;NITEROI;LEVE;MEDIDOR;LEVE;RECORTE;MEDIDOR;12.0
34052544.0;NITERÓI;-22.9339;-43.1136;418.15;RECORTE;NITEROI;LEVE;MEDIDOR;LEVE;RECORTE;MEDIDOR;12.0
33956795.0;NITERÓI;-22.9017;-43.13;3061.59;RECORTE;NITEROI;LEVE;POSTE;LEVE;RECORTE;POSTE;28.0
33902357.0;NITERÓI;-22.8981;-43.1214;96.85;CORTE;NITEROI;LEVE;MEDIDOR;LEVE;CORTE;MEDIDOR;12.0
34303329.0;NITERÓI;-22.9506;-43.0914;5672.07;RECORTE;NITEROI;LEVE;POSTE;LEVE;RECORTE;POSTE;28.0
34303152.0;NITERÓI;-22.8647;-43.1028;1161.54;RECORTE;NITEROI;LEVE;MEDIDOR;LEVE;RECORTE;MEDIDOR;12.0
34147440.0;NITERÓI;-22.9236;-42.8186;1021.89;RECORTE;MARICA;LEVE;POSTE;LEVE;RECORTE;POSTE;28.0
28593547.0;NITERÓI;-22.92323483;-42.79307479;2741.15;RECORTE;MARICA;LEVE;MEDIDOR;LEVE;RECORTE;MEDIDOR;12.0
34252869.0;NITERÓI;-22.9319;-42.7978;526.35;RECORTE;MARICA;LEVE;MEDIDOR;LEVE;RECORTE;MEDIDOR;12.0
33694957.0;NITERÓI;-22.8753;-43.0681;803.98;CORTE;NITEROI;LEVE;RAMAL;LEVE;CORTE;RAMAL;40.0
33956964.0;NITERÓI;-22.885;-43.1092;1890.5;RECORTE;NITEROI;LEVE;POSTE;LEVE;RECORTE;POSTE;28.0
34147626.0;NITERÓI;-22.9169;-42.8222;4965.13;RECORTE;MARICA;LEVE;POSTE;LEVE;RECORTE;POSTE;28.0
30436013.0;NITERÓI;-22.9569;-43.0281;3915.82;CORTE;NITEROI;LEVE;MEDIDOR;LEVE;CORTE;MEDIDOR;12.0
34234470.0;NITERÓI;-22.9533;-42.9906;470.27;CORTE;MARICA;LEVE;MEDIDOR;LEVE;CORTE;MEDIDOR;12.0
34254346.0;NITERÓI;-22.9031;-42.9228;1677.47;RECORTE;MARICA;LEVE;POSTE;LEVE;RECORTE;POSTE;28.0
34254862.0;NITERÓI;-22.9031;-42.9228;788.63;RECORTE;MARICA;LEVE;POSTE;LEVE;RECORTE;POSTE;28.0
34308642.0;NITERÓI;-22.9544;-43.0308;382.54;CORTE;NITEROI;LEVE;MEDIDOR;LEVE;CORTE;MEDIDOR;12.0
34290620.0;NITERÓI;-22.9356;-42.8842;475.02;CORTE;MARICA;LEVE;MEDIDOR;LEVE;CORTE;MEDIDOR;12.0
34253267.0;NITERÓI;-22.9033;-42.8039;1365.74;RECORTE;MARICA;LEVE;MEDIDOR;LEVE;RECORTE;MEDIDOR;12.0
34253099.0;NITERÓI;-22.9075;-42.7931;1524.49;RECORTE;MARICA;LEVE;MEDIDOR;LEVE;RECORTE;MEDIDOR;12.0
34215094.0;NITERÓI;-22.9142;-42.8153;972.64;CORTE;MARICA;LEVE;MEDIDOR;LEVE;CORTE;MEDIDOR;12.0
34303563.0;NITERÓI;-22.965;-43.0325;552.1;RECORTE;NITEROI;LEVE;MEDIDOR;LEVE;RECORTE;MEDIDOR;12.0
34289824.0;NITERÓI;-22.9008;-42.8;367.33;CORTE;MARICA;LEVE;MEDIDOR;LEVE;CORTE;MEDIDOR;12.0
34296296.0;NITERÓI;-22.9661;-42.9289;173.51;RECORTE;MARICA;LEVE;MEDIDOR;LEVE;RECORTE;MEDIDOR;12.0
30435412.0;NITERÓI;-22.9556;-43.0244;6583.42;CORTE;NITEROI;LEVE;MEDIDOR;LEVE;CORTE;MEDIDOR;12.0
34156597.0;NITERÓI;-22.9233;-42.8186;799.18;CORTE;MARICA;LEVE;POSTE;LEVE;CORTE;POSTE;28.0
34215552.0;NITERÓI;-22.9214;-42.8194;496.77;CORTE;MARICA;LEVE;MEDIDOR;LEVE;CORTE;MEDIDOR;12.0
34157533.0;NITERÓI;-22.8767;-43.1081;477.5;CORTE;NITEROI;LEVE;MEDIDOR;LEVE;CORTE;MEDIDOR;12.0
34154725.0;NITERÓI;-22.9631;-43.0325;2447.82;RECORTE;NITEROI;LEVE;POSTE;LEVE;RECORTE;POSTE;28.0
34250969.0;NITERÓI;-22.9156;-42.8578;562.72;CORTE;MARICA;LEVE;MEDIDOR;LEVE;CORTE;MEDIDOR;12.0
34252827.0;NITERÓI;-22.8764;-42.8053;597.85;RECORTE;MARICA;LEVE;MEDIDOR;LEVE;RECORTE;MEDIDOR;12.0
33956815.0;NITERÓI;-22.8722;-43.1072;3303.12;RECORTE;NITEROI;LEVE;MEDIDOR;LEVE;RECORTE;MEDIDOR;12.0
34254203.0;NITERÓI;-22.9425;-42.9772;689.73;RECORTE;MARICA;LEVE;MEDIDOR;LEVE;RECORTE;MEDIDOR;12.0
34253061.0;NITERÓI;-22.9233;-42.8186;3173.28;RECORTE;MARICA;LEVE;MEDIDOR;LEVE;RECORTE;MEDIDOR;12.0
34314429.0;NITERÓI;-22.8972;-42.7719;1944.07;CORTE;MARICA;LEVE;MEDIDOR;LEVE;CORTE;MEDIDOR;12.0
34303297.0;NITERÓI;-22.8753;-43.0889;256.31;RECORTE;NITEROI;LEVE;POSTE;LEVE;RECORTE;POSTE;28.0
34143942.0;NITERÓI;-22.9233;-42.8247;96.45;CORTE;MARICA;LEVE;MEDIDOR;LEVE;CORTE;MEDIDOR;12.0
34204969.0;NITERÓI;-22.8828;-42.8047;352.35;CORTE;MARICA;LEVE;MEDIDOR;LEVE;CORTE;MEDIDOR;12.0
34303214.0;NITERÓI;-22.8958;-43.1175;6889.29;RECORTE;NITEROI;LEVE;POSTE;LEVE;RECORTE;POSTE;28.0
34254550.0;NITERÓI;-22.9033;-42.9225;3009.14;RECORTE;MARICA;LEVE;POSTE;LEVE;RECORTE;POSTE;28.0
34314636.0;NITERÓI;-22.9103;-42.8089;672.85;CORTE;MARICA;LEVE;MEDIDOR;LEVE;CORTE;MEDIDOR;12.0
34318878.0;NITERÓI;-22.9397;-42.8881;638.59;CORTE;MARICA;LEVE;MEDIDOR;LEVE;CORTE;MEDIDOR;12.0
34302668.0;NITERÓI;-22.9044;-42.9228;1996.1;RECORTE;MARICA;LEVE;MEDIDOR;LEVE;RECORTE;MEDIDOR;12.0
34255091.0;NITERÓI;-22.9033;-42.9231;1087.39;RECORTE;MARICA;LEVE;POSTE;LEVE;RECORTE;POSTE;28.0
34310431.0;NITERÓI;-22.8872;-42.7983;543.96;CORTE;MARICA;LEVE;MEDIDOR;LEVE;CORTE;MEDIDOR;12.0
34216284.0;NITERÓI;-22.9233;-42.8186;556.9;CORTE;MARICA;LEVE;MEDIDOR;LEVE;CORTE;MEDIDOR;12.0
34252875.0;NITERÓI;-22.9033;-42.9225;384.35;RECORTE;MARICA;LEVE;MEDIDOR;LEVE;RECORTE;MEDIDOR;12.0
34136977.0;NITERÓI;-22.9467;-42.9889;736.4;CORTE;MARICA;LEVE;MEDIDOR;LEVE;CORTE;MEDIDOR;12.0
34255094.0;NITERÓI;-22.9033;-42.9228;3229.18;RECORTE;MARICA;LEVE;POSTE;LEVE;RECORTE;POSTE;28.0
34302621.0;NITERÓI;-22.9603;-43.0292;523.99;RECORTE;NITEROI;LEVE;MEDIDOR;LEVE;RECORTE;MEDIDOR;12.0
34308206.0;NITERÓI;-22.9261;-42.8092;794.79;CORTE;MARICA;LEVE;MEDIDOR;LEVE;CORTE;MEDIDOR;12.0
34298606.0;NITERÓI;-22.9039;-42.9236;3426.1;RECORTE;MARICA;LEVE;MEDIDOR;LEVE;RECORTE;MEDIDOR;12.0
34314486.0;NITERÓI;-22.9081;-42.7956;910.6;CORTE;MARICA;LEVE;MEDIDOR;LEVE;CORTE;MEDIDOR;12.0
34253093.0;NITERÓI;-22.9344;-42.6578;1491.21;RECORTE;MARICA;LEVE;MEDIDOR;LEVE;RECORTE;MEDIDOR;12.0
34292176.0;NITERÓI;-22.9;-43.1303;568.39;RECORTE;NITEROI;LEVE;MEDIDOR;LEVE;RECORTE;MEDIDOR;12.0
34253965.0;NITERÓI;-22.9033;-42.9228;1133.98;RECORTE;MARICA;LEVE;MEDIDOR;LEVE;RECORTE;MEDIDOR;12.0
34252792.0;NITERÓI;-22.9344;-42.6583;1250.25;RECORTE;MARICA;LEVE;MEDIDOR;LEVE;RECORTE;MEDIDOR;12.0
34250542.0;NITERÓI;-22.9139;-42.8678;616.0;CORTE;MARICA;LEVE;POSTE;LEVE;CORTE;POSTE;28.0
34155870.0;NITERÓI;-22.8986;-43.11;1909.31;CORTE;NITEROI;LEVE;POSTE;LEVE;CORTE;POSTE;28.0
34208044.0;NITERÓI;-22.9189;-42.8497;388.16;CORTE;MARICA;LEVE;MEDIDOR;LEVE;CORTE;MEDIDOR;12.0
34168247.0;NITERÓI;-22.9067;-42.7958;825.63;RECORTE;MARICA;LEVE;MEDIDOR;LEVE;RECORTE;MEDIDOR;12.0
34253762.0;NITERÓI;-22.9194;-42.8517;1936.81;RECORTE;MARICA;LEVE;MEDIDOR;LEVE;RECORTE;MEDIDOR;12.0
33702763.0;NITERÓI;-22.92027433;-42.78870603;283.53;CORTE;MARICA;LEVE;MEDIDOR;LEVE;CORTE;MEDIDOR;12.0
34050986.0;NITERÓI;-22.9272;-43.12;837.07;RECORTE;NITEROI;LEVE;POSTE;LEVE;RECORTE;POSTE;28.0
34068713.0;NITERÓI;-22.8711;-42.7367;1311.81;RECORTE;MARICA;LEVE;MEDIDOR;LEVE;RECORTE;MEDIDOR;12.0
34272205.0;NITERÓI;-22.9178;-42.8178;1205.49;CORTE;MARICA;LEVE;MEDIDOR;LEVE;CORTE;MEDIDOR;12.0
34308450.0;NITERÓI;-22.9178;-42.8183;713.98;CORTE;MARICA;LEVE;MEDIDOR;LEVE;CORTE;MEDIDOR;12.0
34310871.0;NITERÓI;-22.9361;-43.1142;650.76;CORTE;NITEROI;LEVE;MEDIDOR;LEVE;CORTE;MEDIDOR;12.0
34314246.0;NITERÓI;-22.9119;-42.8092;615.83;CORTE;MARICA;LEVE;MEDIDOR;LEVE;CORTE;MEDIDOR;12.0
34308684.0;NITERÓI;-22.9158;-42.8078;508.22;CORTE;MARICA;LEVE;MEDIDOR;LEVE;CORTE;MEDIDOR;12.0
34097979.0;NITERÓI;-22.9239;-42.7944;619.89;CORTE;MARICA;LEVE;MEDIDOR;LEVE;CORTE;MEDIDOR;12.0
34069194.0;NITERÓI;-22.8642;-43.0811;1600.82;RECORTE;NITEROI;LEVE;MEDIDOR;LEVE;RECORTE;MEDIDOR;12.0
34253310.0;NITERÓI;-22.8872;-42.7131;2813.13;RECORTE;MARICA;LEVE;MEDIDOR;LEVE;RECORTE;MEDIDOR;12.0
34287742.0;NITERÓI;-22.935;-42.8939;598.22;CORTE;MARICA;LEVE;MEDIDOR;LEVE;CORTE;MEDIDOR;12.0
34157695.0;NITERÓI;-22.9194;-42.8433;1869.21;CORTE;MARICA;LEVE;MEDIDOR;LEVE;CORTE;MEDIDOR;12.0
34302655.0;NITERÓI;-22.8689;-43.1158;536.16;RECORTE;NITEROI;LEVE;MEDIDOR;LEVE;RECORTE;MEDIDOR;12.0
34303211.0;NITERÓI;-22.9553;-43.0675;3384.12;RECORTE;NITEROI;LEVE;POSTE;LEVE;RECORTE;POSTE;28.0
34069257.0;NITERÓI;-22.8883;-43.1114;1019.1;RECORTE;NITEROI;LEVE;MEDIDOR;LEVE;RECORTE;MEDIDOR;12.0
34254352.0;NITERÓI;-22.9033;-42.9236;1134.46;RECORTE;MARICA;LEVE;POSTE;LEVE;RECORTE;POSTE;28.0
34051415.0;NITERÓI;-22.9272;-43.1206;3468.82;RECORTE;NITEROI;LEVE;POSTE;LEVE;RECORTE;POSTE;28.0
34254329.0;NITERÓI;-22.9514;-42.9672;1609.27;RECORTE;MARICA;LEVE;POSTE;LEVE;RECORTE;POSTE;28.0
34082788.0;NITERÓI;-22.8461;-42.7661;2893.11;RECORTE;MARICA;LEVE;POSTE;LEVE;RECORTE;POSTE;28.0
34303191.0;NITERÓI;-22.9042;-42.9231;805.3;RECORTE;MARICA;LEVE;POSTE;LEVE;RECORTE;POSTE;28.0
34288884.0;NITERÓI;-22.8742;-43.0806;1448.68;RECORTE;NITEROI;LEVE;POSTE;LEVE;RECORTE;POSTE;28.0
34155898.0;NITERÓI;-22.9233;-42.8186;837.02;CORTE;MARICA;LEVE;MEDIDOR;LEVE;CORTE;MEDIDOR;12.0
34253098.0;NITERÓI;-22.9672;-42.9486;1544.78;RECORTE;MARICA;LEVE;MEDIDOR;LEVE;RECORTE;MEDIDOR;12.0
34293109.0;NITERÓI;-22.9467;-42.9558;1236.51;RECORTE;MARICA;LEVE;MEDIDOR;LEVE;RECORTE;MEDIDOR;12.0
31887911.0;NITERÓI;-22.8994;-43.1175;1593.15;CORTE;NITEROI;LEVE;MEDIDOR;LEVE;CORTE;MEDIDOR;12.0
34255580.0;NITERÓI;-22.9033;-42.9231;1302.73;RECORTE;MARICA;LEVE;POSTE;LEVE;RECORTE;POSTE;28.0
34252866.0;NITERÓI;-22.9497;-42.9669;436.76;RECORTE;MARICA;LEVE;MEDIDOR;LEVE;RECORTE;MEDIDOR;12.0
34302890.0;NITERÓI;-22.8742;-43.1072;3776.23;RECORTE;NITEROI;LEVE;POSTE;LEVE;RECORTE;POSTE;28.0
33695272.0;NITERÓI;-22.8545875;-42.78217149;820.41;CORTE;MARICA;LEVE;POSTE;LEVE;CORTE;POSTE;28.0
34308758.0;NITERÓI;-22.9164;-42.8161;3591.3;CORTE;MARICA;LEVE;MEDIDOR;LEVE;CORTE;MEDIDOR;12.0
34303560.0;NITERÓI;-22.8658;-43.1017;1031.04;RECORTE;NITEROI;LEVE;MEDIDOR;LEVE;RECORTE;MEDIDOR;12.0
34216281.0;NITERÓI;-22.9128;-42.8433;577.43;CORTE;MARICA;LEVE;MEDIDOR;LEVE;CORTE;MEDIDOR;12.0
34131555.0;NITERÓI;-22.9064;-42.8264;105.19;CORTE;MARICA;LEVE;MEDIDOR;LEVE;CORTE;MEDIDOR;12.0
34050047.0;NITERÓI;-22.9394;-43.0808;2474.85;RECORTE;NITEROI;LEVE;POSTE;LEVE;RECORTE;POSTE;28.0
34269082.0;NITERÓI;-22.9167;-42.8192;233.48;CORTE;MARICA;LEVE;RAMAL;LEVE;CORTE;RAMAL;40.0
34254887.0;NITERÓI;-22.9031;-42.9228;2824.02;RECORTE;MARICA;LEVE;POSTE;LEVE;RECORTE;POSTE;28.0
33957003.0;NITERÓI;-22.8728;-43.1003;3159.75;RECORTE;NITEROI;LEVE;MEDIDOR;LEVE;RECORTE;MEDIDOR;12.0
34302495.0;NITERÓI;-22.8975;-43.11;850.88;RECORTE;NITEROI;LEVE;MEDIDOR;LEVE;RECORTE;MEDIDOR;12.0
33874962.0;NITERÓI;-22.9161;-42.8167;835.28;CORTE;MARICA;LEVE;MEDIDOR;LEVE;CORTE;MEDIDOR;12.0
34254824.0;NITERÓI;-22.9456;-42.9528;965.07;RECORTE;MARICA;LEVE;POSTE;LEVE;RECORTE;POSTE;28.0
34067694.0;NITERÓI;-22.8772;-43.1072;802.17;RECORTE;NITEROI;LEVE;MEDIDOR;LEVE;RECORTE;MEDIDOR;12.0
33956871.0;NITERÓI;-22.8708;-43.1019;7769.71;RECORTE;NITEROI;LEVE;POSTE;LEVE;RECORTE;POSTE;28.0
34054495.0;NITERÓI;-22.9297;-43.1219;643.78;RECORTE;NITEROI;LEVE;MEDIDOR;LEVE;RECORTE;MEDIDOR;12.0
34297134.0;NITERÓI;-22.9236;-42.8225;450.65;RECORTE;MARICA;LEVE;MEDIDOR;LEVE;RECORTE;MEDIDOR;12.0
34255339.0;NITERÓI;-22.9033;-42.9231;922.96;RECORTE;MARICA;LEVE;POSTE;LEVE;RECORTE;POSTE;28.0
33315275.0;NITERÓI;-22.9025;-43.1339;499.82;CORTE;NITEROI;LEVE;MEDIDOR;LEVE;CORTE;MEDIDOR;12.0
34242166.0;NITERÓI;-22.9308;-42.7789;148.16;CORTE;MARICA;LEVE;MEDIDOR;LEVE;CORTE;MEDIDOR;12.0
34303222.0;NITERÓI;-22.9478;-43.0331;50505.62;RECORTE;NITEROI;LEVE;POSTE;LEVE;RECORTE;POSTE;28.0
34303248.0;NITERÓI;-22.9044;-42.9228;1364.14;RECORTE;MARICA;LEVE;POSTE;LEVE;RECORTE;POSTE;28.0
34302910.0;NITERÓI;-22.9094;-42.9814;2702.24;RECORTE;NITEROI;LEVE;POSTE;LEVE;RECORTE;POSTE;28.0
34181628.0;NITERÓI;-22.9231;-42.8558;382.5;CORTE;MARICA;LEVE;MEDIDOR;LEVE;CORTE;MEDIDOR;12.0
34288045.0;NITERÓI;-22.8461;-42.7661;654.18;CORTE;MARICA;LEVE;POSTE;LEVE;CORTE;POSTE;28.0
34303256.0;NITERÓI;-22.9039;-42.9228;1472.84;RECORTE;MARICA;LEVE;POSTE;LEVE;RECORTE;POSTE;28.0
34051919.0;NITERÓI;-22.9353;-43.1139;1286.21;RECORTE;NITEROI;LEVE;MEDIDOR;LEVE;RECORTE;MEDIDOR;12.0
34051830.0;NITERÓI;-22.9331;-43.1139;1549.39;RECORTE;NITEROI;LEVE;POSTE;LEVE;RECORTE;POSTE;28.0
34253756.0;NITERÓI;-22.9456;-42.9544;851.19;RECORTE;MARICA;LEVE;MEDIDOR;LEVE;RECORTE;MEDIDOR;12.0
34308217.0;NITERÓI;-22.9114;-42.8122;976.3;CORTE;MARICA;LEVE;MEDIDOR;LEVE;CORTE;MEDIDOR;12.0
34254832.0;NITERÓI;-22.9033;-42.9236;1607.34;RECORTE;MARICA;LEVE;POSTE;LEVE;RECORTE;POSTE;28.0
34254197.0;NITERÓI;-22.9233;-42.8186;1438.25;RECORTE;MARICA;LEVE;MEDIDOR;LEVE;RECORTE;MEDIDOR;12.0
33327916.0;NITERÓI;-22.9719;-43.0319;465.51;CORTE;NITEROI;LEVE;MEDIDOR;LEVE;CORTE;MEDIDOR;12.0
34252829.0;NITERÓI;-22.9658;-42.9844;468.63;RECORTE;MARICA;LEVE;MEDIDOR;LEVE;RECORTE;MEDIDOR;12.0
34302913.0;NITERÓI;-22.9325;-43.0986;934.93;RECORTE;NITEROI;LEVE;POSTE;LEVE;RECORTE;POSTE;28.0
34069102.0;NITERÓI;-22.8725;-43.1017;1229.65;RECORTE;NITEROI;LEVE;MEDIDOR;LEVE;RECORTE;MEDIDOR;12.0
34051624.0;NITERÓI;-22.8997;-43.1228;1068.71;CORTE;NITEROI;LEVE;MEDIDOR;LEVE;CORTE;MEDIDOR;12.0
34315024.0;NITERÓI;-22.9044;-42.7969;504.74;CORTE;MARICA;LEVE;MEDIDOR;LEVE;CORTE;MEDIDOR;12.0
34253086.0;NITERÓI;-22.9033;-42.9228;805.72;RECORTE;MARICA;LEVE;MEDIDOR;LEVE;RECORTE;MEDIDOR;12.0
34314374.0;NITERÓI;-22.9003;-42.7969;791.38;CORTE;MARICA;LEVE;MEDIDOR;LEVE;CORTE;MEDIDOR;12.0
34304026.0;NITERÓI;-22.8814;-43.1056;368.1;RECORTE;NITEROI;LEVE;MEDIDOR;LEVE;RECORTE;MEDIDOR;12.0
34254354.0;NITERÓI;-22.9031;-42.9228;2451.57;RECORTE;MARICA;LEVE;POSTE;LEVE;RECORTE;POSTE;28.0
34310524.0;NITERÓI;-22.9089;-42.8125;667.83;CORTE;MARICA;LEVE;MEDIDOR;LEVE;CORTE;MEDIDOR;12.0
34303245.0;NITERÓI;-22.9092;-42.9814;2827.65;RECORTE;NITEROI;LEVE;POSTE;LEVE;RECORTE;POSTE;28.0
34168535.0;NITERÓI;-22.9494;-42.9858;1583.39;RECORTE;MARICA;LEVE;MEDIDOR;LEVE;RECORTE;MEDIDOR;12.0
34068836.0;NITERÓI;-22.9236;-42.8186;1548.72;RECORTE;MARICA;LEVE;MEDIDOR;LEVE;RECORTE;MEDIDOR;12.0
34302215.0;NITERÓI;-22.9036;-42.9228;1434.46;RECORTE;MARICA;LEVE;MEDIDOR;LEVE;RECORTE;MEDIDOR;12.0
28967794.0;NITERÓI;-22.9433;-42.7511;2457.57;CORTE;MARICA;LEVE;MEDIDOR;LEVE;CORTE;MEDIDOR;12.0
34293590.0;NITERÓI;-22.9497;-42.9594;599.47;CORTE;MARICA;LEVE;POSTE;LEVE;CORTE;POSTE;28.0
34302644.0;NITERÓI;-22.8994;-43.1175;239.99;RECORTE;NITEROI;LEVE;MEDIDOR;LEVE;RECORTE;MEDIDOR;12.0
34302893.0;NITERÓI;-22.9564;-43.0667;2662.92;RECORTE;NITEROI;LEVE;POSTE;LEVE;RECORTE;POSTE;28.0
34270430.0;NITERÓI;-22.8864;-43.1092;595.97;RECORTE;NITEROI;LEVE;MEDIDOR;LEVE;RECORTE;MEDIDOR;12.0
34287779.0;NITERÓI;-22.8747;-43.0806;1087.86;RECORTE;NITEROI;LEVE;POSTE;LEVE;RECORTE;POSTE;28.0
33956917.0;NITERÓI;-22.9356;-43.0317;4859.84;RECORTE;NITEROI;LEVE;POSTE;LEVE;RECORTE;POSTE;28.0
34234457.0;NITERÓI;-22.9508;-42.9886;764.31;CORTE;MARICA;LEVE;MEDIDOR;LEVE;CORTE;MEDIDOR;12.0
34252820.0;NITERÓI;-22.9136;-42.8306;455.88;RECORTE;MARICA;LEVE;MEDIDOR;LEVE;RECORTE;MEDIDOR;12.0
33956897.0;NITERÓI;-22.9358;-43.0317;5071.18;RECORTE;NITEROI;LEVE;POSTE;LEVE;RECORTE;POSTE;28.0
34303239.0;NITERÓI;-22.9036;-42.9228;2161.32;RECORTE;MARICA;LEVE;POSTE;LEVE;RECORTE;POSTE;28.0
34252854.0;NITERÓI;-22.9292;-42.7978;496.58;RECORTE;MARICA;LEVE;MEDIDOR;LEVE;RECORTE;MEDIDOR;12.0
34255273.0;NITERÓI;-22.9036;-42.9231;1798.88;RECORTE;MARICA;LEVE;POSTE;LEVE;RECORTE;POSTE;28.0
34078127.0;NITERÓI;-22.9236;-42.8186;3746.96;CORTE;MARICA;LEVE;RAMAL;LEVE;CORTE;RAMAL;40.0
34302887.0;NITERÓI;-22.9458;-43.0422;3241.74;RECORTE;NITEROI;LEVE;POSTE;LEVE;RECORTE;POSTE;28.0
34314706.0;NITERÓI;-22.8856;-42.8025;637.22;CORTE;MARICA;LEVE;MEDIDOR;LEVE;CORTE;MEDIDOR;12.0
34253275.0;NITERÓI;-22.9033;-42.9236;2170.76;RECORTE;MARICA;LEVE;MEDIDOR;LEVE;RECORTE;MEDIDOR;12.0
33957031.0;NITERÓI;-22.8778;-43.0889;1831.81;RECORTE;NITEROI;LEVE;POSTE;LEVE;RECORTE;POSTE;28.0
34254211.0;NITERÓI;-22.9164;-42.805;519.73;RECORTE;MARICA;LEVE;MEDIDOR;LEVE;RECORTE;MEDIDOR;12.0
34297119.0;NITERÓI;-22.9367;-42.8236;285.42;RECORTE;MARICA;LEVE;MEDIDOR;LEVE;RECORTE;MEDIDOR;12.0
34252814.0;NITERÓI;-22.9042;-42.7439;908.5;RECORTE;MARICA;LEVE;MEDIDOR;LEVE;RECORTE;MEDIDOR;12.0
33839473.0;NITERÓI;-22.8814;-42.88;14338.89;RECORTE;MARICA;LEVE;POSTE;LEVE;RECORTE;POSTE;28.0
34302220.0;NITERÓI;-22.9103;-42.8244;1083.67;RECORTE;MARICA;LEVE;MEDIDOR;LEVE;RECORTE;MEDIDOR;12.0
34253962.0;NITERÓI;-22.8903;-42.8028;1999.86;RECORTE;MARICA;LEVE;MEDIDOR;LEVE;RECORTE;MEDIDOR;12.0
34069291.0;NITERÓI;-22.9328;-43.1139;556.94;RECORTE;NITEROI;LEVE;MEDIDOR;LEVE;RECORTE;MEDIDOR;12.0
34273928.0;NITERÓI;-22.8736;-43.0778;1931.01;RECORTE;NITEROI;LEVE;POSTE;LEVE;RECORTE;POSTE;28.0
33958371.0;NITERÓI;-22.9428;-43.0372;5283.36;RECORTE;NITEROI;LEVE;POSTE;LEVE;RECORTE;POSTE;28.0
34052477.0;NITERÓI;-22.9278;-43.1206;1734.0;RECORTE;NITEROI;LEVE;POSTE;LEVE;RECORTE;POSTE;28.0
34082885.0;NITERÓI;-22.9536;-42.8914;965.61;RECORTE;MARICA;LEVE;POSTE;LEVE;RECORTE;POSTE;28.0
34254821.0;NITERÓI;-22.9031;-42.9228;1166.08;RECORTE;MARICA;LEVE;POSTE;LEVE;RECORTE;POSTE;28.0
34303219.0;NITERÓI;-22.9328;-43.0983;12962.48;RECORTE;NITEROI;LEVE;POSTE;LEVE;RECORTE;POSTE;28.0
34248163.0;NITERÓI;-22.9164;-42.8158;1068.86;CORTE;MARICA;LEVE;MEDIDOR;LEVE;CORTE;MEDIDOR;12.0
34272013.0;NITERÓI;-22.9133;-42.8278;555.8;CORTE;MARICA;LEVE;MEDIDOR;LEVE;CORTE;MEDIDOR;12.0
34314663.0;NITERÓI;-22.9058;-42.8058;755.07;CORTE;MARICA;LEVE;MEDIDOR;LEVE;CORTE;MEDIDOR;12.0
34303208.0;NITERÓI;-22.8964;-43.1172;5636.48;RECORTE;NITEROI;LEVE;POSTE;LEVE;RECORTE;POSTE;28.0
34304009.0;NITERÓI;-22.8683;-43.1158;832.64;RECORTE;NITEROI;LEVE;MEDIDOR;LEVE;RECORTE;MEDIDOR;12.0
34253040.0;NITERÓI;-22.935;-42.8019;179.3;RECORTE;MARICA;LEVE;MEDIDOR;LEVE;RECORTE;MEDIDOR;12.0
34168389.0;NITERÓI;-22.9492;-42.9661;2318.4;RECORTE;MARICA;LEVE;POSTE;LEVE;RECORTE;POSTE;28.0
34269056.0;NITERÓI;-22.9297;-42.8742;246.95;CORTE;MARICA;LEVE;MEDIDOR;LEVE;CORTE;MEDIDOR;12.0
34291228.0;NITERÓI;-22.9056;-42.7969;549.77;CORTE;MARICA;LEVE;MEDIDOR;LEVE;CORTE;MEDIDOR;12.0
34308337.0;NITERÓI;-22.8708;-43.0767;171.2;CORTE;NITEROI;LEVE;MEDIDOR;LEVE;CORTE;MEDIDOR;12.0
33956954.0;NITERÓI;-22.8814;-43.1094;8445.7;RECORTE;NITEROI;LEVE;POSTE;LEVE;RECORTE;POSTE;28.0
34094303.0;NITERÓI;-22.8992;-42.9483;337.81;CORTE;MARICA;LEVE;MEDIDOR;LEVE;CORTE;MEDIDOR;12.0
34303216.0;NITERÓI;-22.9044;-42.9231;1552.09;RECORTE;MARICA;LEVE;POSTE;LEVE;RECORTE;POSTE;28.0
34290501.0;NITERÓI;-22.8811;-43.1239;196.47;CORTE;NITEROI;LEVE;MEDIDOR;LEVE;CORTE;MEDIDOR;12.0
29035823.0;NITERÓI;-22.8967;-43.1233;2870.42;CORTE;NITEROI;LEVE;MEDIDOR;LEVE;CORTE;MEDIDOR;12.0
34250587.0;NITERÓI;-22.8986;-43.1106;368.07;CORTE;NITEROI;LEVE;MEDIDOR;LEVE;CORTE;MEDIDOR;12.0
34289814.0;NITERÓI;-22.9056;-42.7947;1088.53;CORTE;MARICA;LEVE;MEDIDOR;LEVE;CORTE;MEDIDOR;12.0
34303969.0;NITERÓI;-22.8592;-43.1006;504.97;RECORTE;NITEROI;LEVE;MEDIDOR;LEVE;RECORTE;MEDIDOR;12.0
34273441.0;NITERÓI;-22.9036;-42.9233;649.54;RECORTE;MARICA;LEVE;POSTE;LEVE;RECORTE;POSTE;28.0
34253123.0;NITERÓI;-22.9244;-42.8194;364.12;RECORTE;MARICA;LEVE;MEDIDOR;LEVE;RECORTE;MEDIDOR;12.0
34252834.0;NITERÓI;-22.9033;-42.9231;489.53;RECORTE;MARICA;LEVE;MEDIDOR;LEVE;RECORTE;MEDIDOR;12.0
33838537.0;NITERÓI;-22.8994;-43.1172;663.39;RECORTE;NITEROI;LEVE;MEDIDOR;LEVE;RECORTE;MEDIDOR;12.0
34255087.0;NITERÓI;-22.9033;-42.9228;2012.92;RECORTE;MARICA;LEVE;POSTE;LEVE;RECORTE;POSTE;28.0
34082747.0;NITERÓI;-22.9336;-42.7944;1105.88;RECORTE;MARICA;LEVE;POSTE;LEVE;RECORTE;POSTE;28.0
33930542.0;NITERÓI;-22.9644;-43.0314;526.61;CORTE;NITEROI;LEVE;MEDIDOR;LEVE;CORTE;MEDIDOR;12.0
34147699.0;NITERÓI;-22.95;-42.9669;3851.82;RECORTE;MARICA;LEVE;POSTE;LEVE;RECORTE;POSTE;28.0
34056324.0;NITERÓI;-22.9278;-43.1206;918.55;RECORTE;NITEROI;LEVE;POSTE;LEVE;RECORTE;POSTE;28.0
34069179.0;NITERÓI;-22.8972;-43.1122;1376.21;RECORTE;NITEROI;LEVE;MEDIDOR;LEVE;RECORTE;MEDIDOR;12.0
34303279.0;NITERÓI;-22.8725;-43.0775;907.27;RECORTE;NITEROI;LEVE;POSTE;LEVE;RECORTE;POSTE;28.0
34069268.0;NITERÓI;-22.9014;-43.1286;1154.11;RECORTE;NITEROI;LEVE;MEDIDOR;LEVE;RECORTE;MEDIDOR;12.0
34255336.0;NITERÓI;-22.9033;-42.9233;2559.86;RECORTE;MARICA;LEVE;POSTE;LEVE;RECORTE;POSTE;28.0
26661064.0;NITERÓI;-22.9678;-42.9122;1274.19;RECORTE;MARICA;LEVE;MEDIDOR;LEVE;RECORTE;MEDIDOR;12.0
33838437.0;NITERÓI;-22.9033;-43.1261;569.88;RECORTE;NITEROI;LEVE;MEDIDOR;LEVE;RECORTE;MEDIDOR;12.0
33956885.0;NITERÓI;-22.8711;-43.1156;2349.17;RECORTE;NITEROI;LEVE;POSTE;LEVE;RECORTE;POSTE;28.0
34202538.0;NITERÓI;-22.9019;-43.1261;349.99;CORTE;NITEROI;LEVE;MEDIDOR;LEVE;CORTE;MEDIDOR;12.0
34147451.0;NITERÓI;-22.8894;-42.9233;755.7;RECORTE;MARICA;CESTO;POSTE;CESTO;RECORTE;POSTE;28.0
34147720.0;NITERÓI;-22.95698651;-42.95993584;6663.91;RECORTE;MARICA;CESTO;POSTE;CESTO;RECORTE;POSTE;28.0
34254355.0;NITERÓI;-22.9067;-42.9292;521.28;RECORTE;MARICA;CESTO;POSTE;CESTO;RECORTE;POSTE;28.0
34254916.0;NITERÓI;-22.905;-42.9242;2467.92;RECORTE;MARICA;CESTO;POSTE;CESTO;RECORTE;POSTE;28.0
34255105.0;NITERÓI;-22.9058;-42.925;1565.2;RECORTE;MARICA;CESTO;POSTE;CESTO;RECORTE;POSTE;28.0
34254813.0;NITERÓI;-22.9125;-42.9386;2491.3;RECORTE;MARICA;CESTO;POSTE;CESTO;RECORTE;POSTE;28.0
34319350.0;NITERÓI;-22.9314;-42.8864;545.92;CORTE;MARICA;CESTO;POSTE;CESTO;CORTE;POSTE;28.0
34255098.0;NITERÓI;-22.91;-42.9361;2642.7;RECORTE;MARICA;CESTO;POSTE;CESTO;RECORTE;POSTE;28.0
34255092.0;NITERÓI;-22.9042;-42.9222;973.83;RECORTE;MARICA;CESTO;POSTE;CESTO;RECORTE;POSTE;28.0
34168188.0;NITERÓI;-22.9619;-42.9581;288.57;RECORTE;MARICA;CESTO;POSTE;CESTO;RECORTE;POSTE;28.0
34254345.0;NITERÓI;-22.9456;-42.9539;2997.79;RECORTE;MARICA;CESTO;POSTE;CESTO;RECORTE;POSTE;28.0
34147444.0;NITERÓI;-22.9081;-42.9356;3644.4;RECORTE;MARICA;CESTO;POSTE;CESTO;RECORTE;POSTE;28.0
34250521.0;NITERÓI;-22.8958;-42.8292;825.41;CORTE;MARICA;CESTO;POSTE;CESTO;CORTE;POSTE;28.0
34255384.0;NITERÓI;-22.9086;-42.9319;5225.42;RECORTE;MARICA;CESTO;POSTE;CESTO;RECORTE;POSTE;28.0
33483349.0;NITERÓI;-22.8521003;-42.036382;1226.0;CORTE;MARICA;CESTO;POSTE;CESTO;CORTE;POSTE;28.0
34310111.0;NITERÓI;-22.9528;-42.9622;523.81;CORTE;MARICA;CESTO;POSTE;CESTO;CORTE;POSTE;28.0
34255567.0;NITERÓI;-22.9108;-42.9358;2854.57;RECORTE;MARICA;CESTO;POSTE;CESTO;RECORTE;POSTE;28.0
34254339.0;NITERÓI;-22.8972;-42.9311;1132.84;RECORTE;MARICA;CESTO;POSTE;CESTO;RECORTE;POSTE;28.0
34255387.0;NITERÓI;-22.9169;-42.9403;2188.42;RECORTE;MARICA;CESTO;POSTE;CESTO;RECORTE;POSTE;28.0
34255069.0;NITERÓI;-22.9083;-42.925;1882.69;RECORTE;MARICA;CESTO;POSTE;CESTO;RECORTE;POSTE;28.0
34082609.0;NITERÓI;-22.7494328;-43.4416018;497.02;RECORTE;MARICA;CESTO;POSTE;CESTO;RECORTE;POSTE;28.0
34303201.0;NITERÓI;-22.9033;-42.9231;5592.32;RECORTE;MARICA;CESTO;POSTE;CESTO;RECORTE;POSTE;28.0
34147724.0;NITERÓI;-22.9136;-42.9403;1733.68;RECORTE;MARICA;CESTO;POSTE;CESTO;RECORTE;POSTE;28.0
34147615.0;NITERÓI;-22.9708;-42.9403;2905.87;RECORTE;MARICA;CESTO;POSTE;CESTO;RECORTE;POSTE;28.0
34293105.0;NITERÓI;-22.9172;-42.9356;1454.36;RECORTE;MARICA;CESTO;POSTE;CESTO;RECORTE;POSTE;28.0
34254539.0;NITERÓI;-22.9033;-42.9236;1166.33;RECORTE;MARICA;CESTO;POSTE;CESTO;RECORTE;POSTE;28.0
34147638.0;NITERÓI;-22.89768461;-42.93524391;2510.04;RECORTE;MARICA;CESTO;POSTE;CESTO;RECORTE;POSTE;28.0
34310511.0;NITERÓI;-22.9475;-42.9575;896.65;CORTE;MARICA;CESTO;POSTE;CESTO;CORTE;POSTE;28.0
34255111.0;NITERÓI;-22.905;-42.9242;1419.88;RECORTE;MARICA;CESTO;POSTE;CESTO;RECORTE;POSTE;28.0
34147689.0;NITERÓI;-22.9158;-42.87;1228.96;RECORTE;MARICA;CESTO;POSTE;CESTO;RECORTE;POSTE;28.0
34181612.0;NITERÓI;-22.92;-42.9353;601.97;CORTE;MARICA;CESTO;POSTE;CESTO;CORTE;POSTE;28.0
34255560.0;NITERÓI;-22.9108;-42.9356;1021.52;RECORTE;MARICA;CESTO;POSTE;CESTO;RECORTE;POSTE;28.0
34082181.0;NITERÓI;-22.90418641;-42.83694586;3422.1;RECORTE;MARICA;CESTO;POSTE;CESTO;RECORTE;POSTE;28.0
34310891.0;NITERÓI;-22.9594;-42.9467;747.21;CORTE;MARICA;CESTO;POSTE;CESTO;CORTE;POSTE;28.0
34147468.0;NITERÓI;-22.8956;-42.9233;7228.62;RECORTE;MARICA;CESTO;POSTE;CESTO;RECORTE;POSTE;28.0
34314475.0;NITERÓI;-22.94;-42.9017;575.1;CORTE;MARICA;CESTO;POSTE;CESTO;CORTE;POSTE;28.0
34254827.0;NITERÓI;-22.9039;-42.9233;1088.75;RECORTE;MARICA;CESTO;POSTE;CESTO;RECORTE;POSTE;28.0
34254798.0;NITERÓI;-22.9108;-42.9367;1197.67;RECORTE;MARICA;CESTO;POSTE;CESTO;RECORTE;POSTE;28.0
34303234.0;NITERÓI;-22.9358;-43.1133;2407.01;RECORTE;NITEROI;CESTO;POSTE;CESTO;RECORTE;POSTE;28.0
34270410.0;NITERÓI;-22.9047;-42.9253;3006.32;RECORTE;MARICA;CESTO;POSTE;CESTO;RECORTE;POSTE;28.0
34255279.0;NITERÓI;-22.9308;-42.8792;3910.63;RECORTE;MARICA;CESTO;POSTE;CESTO;RECORTE;POSTE;28.0
34254386.0;NITERÓI;-22.9128;-42.94;1572.68;RECORTE;MARICA;CESTO;POSTE;CESTO;RECORTE;POSTE;28.0
34255067.0;NITERÓI;-22.9203;-42.9342;4199.33;RECORTE;MARICA;CESTO;POSTE;CESTO;RECORTE;POSTE;28.0
34255107.0;NITERÓI;-22.9111;-42.9353;5943.05;RECORTE;MARICA;CESTO;POSTE;CESTO;RECORTE;POSTE;28.0
33703255.0;NITERÓI;-22.8144;-42.7947;3122.26;CORTE;MARICA;CESTO;RAMAL;CESTO;CORTE;RAMAL;40.0
34254560.0;NITERÓI;-22.9142;-42.9375;2313.8;RECORTE;MARICA;CESTO;POSTE;CESTO;RECORTE;POSTE;28.0
34254337.0;NITERÓI;-22.91;-42.9228;2211.64;RECORTE;MARICA;CESTO;POSTE;CESTO;RECORTE;POSTE;28.0
34254366.0;NITERÓI;-22.9181;-42.9381;4043.38;RECORTE;MARICA;CESTO;POSTE;CESTO;RECORTE;POSTE;28.0
34254918.0;NITERÓI;-22.905;-42.9242;949.67;RECORTE;MARICA;CESTO;POSTE;CESTO;RECORTE;POSTE;28.0
34274260.0;NITERÓI;-22.9044;-42.9286;1511.66;RECORTE;MARICA;CESTO;POSTE;CESTO;RECORTE;POSTE;28.0
34255093.0;NITERÓI;-22.9444;-42.9533;1686.52;RECORTE;MARICA;CESTO;POSTE;CESTO;RECORTE;POSTE;28.0
34255373.0;NITERÓI;-22.91;-42.9211;5002.12;RECORTE;MARICA;CESTO;POSTE;CESTO;RECORTE;POSTE;28.0
34147665.0;NITERÓI;-22.9169;-42.9411;695.6;RECORTE;MARICA;CESTO;POSTE;CESTO;RECORTE;POSTE;28.0
34168366.0;NITERÓI;-22.9183;-42.9372;419.27;RECORTE;MARICA;CESTO;POSTE;CESTO;RECORTE;POSTE;28.0
34255061.0;NITERÓI;-22.9172;-42.9192;4035.71;RECORTE;MARICA;CESTO;POSTE;CESTO;RECORTE;POSTE;28.0
34254543.0;NITERÓI;-22.9356;-42.8922;1484.65;RECORTE;MARICA;CESTO;POSTE;CESTO;RECORTE;POSTE;28.0
34147656.0;NITERÓI;-22.9547;-42.9539;2168.04;RECORTE;MARICA;CESTO;POSTE;CESTO;RECORTE;POSTE;28.0
